{
  "max_days": 50,
  "rows": [
    {
      "model": "DeepSeek-V4-Pro",
      "framework": "plan_and_act",
      "run_id": "run_plan_and_act_deepseek-v4-pro_caec_off_fcr_off_run1",
      "run_type": "llm",
      "run_days": 50.0,
      "final_networth": 28126.32710994966,
      "total_sales": 58000.0,
      "avg_daily_sold_skus": 30.34,
      "return_ratio": 0.062155172413793106,
      "expired_ratio": 0.0012914334911752045,
      "stockout_ratio": 0.56,
      "s1_avg_acted_skus_per_day": 9.0,
      "s1_total_distinct_acted_skus": 43,
      "s1_acted_sku_events": 532,
      "s1_action_to_sales_overlap_7d": 0.9135338345864662,
      "s1_missed_high_demand_rate": 0.3024193548387097,
      "s1_action_concentration_hhi": 0.02658431793770139,
      "s1_top10_action_share": 0.34210526315789475,
      "s1_category_coverage": 19,
      "s2_query_depth": 0.9050751879699248,
      "s2_place_order_query_depth": 0.9554655870445344,
      "s2_modify_price_query_depth": 0.8614035087719298,
      "s2_evidence_action_match_rate": 1.0,
      "s2_missing_critical_evidence_rate": 0.2669172932330827,
      "s2_avg_evidence_call_gap": 10.87218045112782,
      "s2_avg_pre_action_tool_diversity": 5.567669172932331,
      "s2_query_to_action_overlap_same_day": 0.1658069270449521,
      "s3_attempted_business_actions": 410,
      "s3_executed_business_actions": 410,
      "s3_invalid_or_blocked_action_rate": 0.0,
      "s4_followup_query_or_action_rate_7d": 0.9624060150375939,
      "s4_followup_action_rate_7d": 0.7387218045112782,
      "s4_unresolved_event_rate_7d": 0.02615062761506276,
      "s4_avg_response_latency_days": 1.0601503759398496,
      "s4_focus_continuity_jaccard": 0.1401495849930487,
      "s4_repeated_error_without_intervention_rate": 0.025200458190148912,
      "s3_action_correction": 0.2199248120300752,
      "s3_action_eval_count": 532,
      "s3_place_order_correction": 0.19838056680161945,
      "s3_place_order_eval_count": 247,
      "s3_modify_price_correction": 0.23859649122807017,
      "s3_modify_price_eval_count": 285,
      "s3_raw_quality_top1_hit": 0.291497975708502,
      "s3_quality_regret_mean": 1.4085858299595142,
      "s3_quality_ratio_mean": 0.7094997509349444,
      "s3_order_qty_to_avg_daily_sales_mean": 8.617594905534556,
      "s3_modify_price_distance_pct_mean": 30.06227338868972,
      "s3_modify_price_distance_pct_median": 25.21008403361345,
      "s3_modify_price_distance_pct_p90": 68.8669381403607,
      "s3_modify_price_distance_pct_max": 86.41777530124676,
      "s3_modify_price_signed_distance_pct_mean": -19.39739457615158,
      "s3_modify_price_above_optimal_rate": 0.28771929824561404,
      "s3_modify_price_below_optimal_rate": 0.7017543859649122,
      "s3_supplier_price_rank_mean": 1.7651821862348178,
      "s3_supplier_quality_rank_mean": 3.0,
      "s3_supplier_candidate_count_mean": 5.0,
      "s3_supplier_price_first_rate": 0.4898785425101215,
      "s3_supplier_quality_first_rate": 0.291497975708502,
      "run_label": "baseline_deepseek_plan_first50",
      "source_path": "/Volumes/Data/logs/batches_final_hard_v2/hard_v2_all_2026-05-20_19-39-54_plan_and_act_deepseek-v4-pro_caec_off_fcr_off/run_plan_and_act_deepseek-v4-pro_caec_off_fcr_off_run1"
    }
  ]
}